Steps,Policy/Entropy,Environment/Cumulative Reward,Environment/Episode Length,Policy/Extrinsic Value Estimate,Policy/Curiosity Value Estimate,Policy/GAIL Value Estimate,Policy/Extrinsic Reward,Policy/Curiosity Reward,Policy/GAIL Reward,Losses/Value Loss,Losses/Policy Loss,Policy/Learning Rate,Losses/Curiosity Forward Loss,Losses/Curiosity Inverse Loss,Losses/GAIL Loss,Policy/GAIL Policy Estimate,Policy/GAIL Expert Estimate,Losses/Pretraining Loss
30000,1.349048,-1.0025887573964498,0.010355029585798817,-1.0279422,-0.32256013,-0.11843136,-1.0025887573964498,0.0,0.0,2.6271605,0.06958491,0.00029954687,0.18299112,0.07486327,1.5602703,0.24878955,0.7551188,0.20055158
60000,1.1437345,None,None,-10.394473,0.090392604,0.2418532,None,None,None,1.4450464,0.07047294,0.00029866557,0.0036939513,0.002864985,0.4524992,0.15318327,0.86313975,0.1704177
90000,0.9864943,None,None,-17.18444,0.005190956,0.19695354,None,None,None,0.41648033,0.074431784,0.00029775169,0.0020339468,0.004960302,0.39182687,0.13194466,0.886395,0.16597915
