Steps,Policy/Entropy,Environment/Cumulative Reward,Environment/Episode Length,Policy/Extrinsic Value Estimate,Policy/Curiosity Value Estimate,Policy/GAIL Value Estimate,Policy/Extrinsic Reward,Policy/Curiosity Reward,Policy/GAIL Reward,Losses/Value Loss,Losses/Policy Loss,Policy/Learning Rate,Losses/Curiosity Forward Loss,Losses/Curiosity Inverse Loss,Losses/GAIL Loss,Policy/GAIL Policy Estimate,Policy/GAIL Expert Estimate,Losses/Pretraining Loss
30000,0.16605526,-1.2834264036989895,11.254492472073823,-0.33895695,0.18027163,0.3298105,-1.2834264449901869,0.08013882253776658,0.026596331025198764,0.02933271,0.15032832,0.0002995246,0.1879278,0.069272906,1.2419946,0.20073245,0.8211874,0.18175922
60000,-2.7495158,-288.59998285770416,11415.0,-2.3329077,0.050996795,0.18325062,-288.6000256538391,1.497324560652487,16.452286660671234,0.00024168711,0.26647055,0.00029865076,0.0010983108,0.00016543773,0.33499664,0.11760851,0.91496176,0.17317317
90000,-3.5275555,None,None,-2.474667,0.013689343,0.12274579,None,None,None,2.8865543e-06,0.27365926,0.00029776958,0.00030367463,0.00034925705,0.28469846,0.0976255,0.93082345,0.17278755
120000,-3.8216949,None,None,-2.499841,0.0091626495,0.092571706,None,None,None,1.1174564e-05,0.22799897,0.00029685567,0.0031886355,0.0029123635,0.23161031,0.071976885,0.93730164,0.17258589
150000,-3.9366732,None,None,-2.4652715,0.060718015,0.07082905,None,None,None,0.00044370283,0.24743237,0.00029594175,0.008566014,0.0032238096,0.19439745,0.054771733,0.93927324,0.1762431
180000,-3.944791,-1.1807944435757638,7.179485704423862,-1.0557222,0.11455761,0.16953242,-1.180804863128052,0.006253606978386058,0.009932600315122567,0.026772931,0.28207433,0.00029505143,0.060798116,0.11094117,0.35996225,0.13465668,0.91505516,0.017347894608974457
210000,-3.919219,-1.0022747107524812,0.09098843552258346,-1.0010244,0.102733135,0.16617502,-1.0022747087187311,0.0010994737001060646,0.0011627757221705755,4.812388e-06,0.2021045,0.00029415984,0.02940145,0.086070254,0.2882343,0.08950856,0.91158205,0.0
