{"count":1,"gauges":{"CookingAMeal.CumulativeReward":{"count":2,"max":1562.69629,"min":1562.27527,"value":1562.27527,"weightedAverage":1562.59106}},"self":107.5246336,"total":110.3444624,"children":{"AgentSendState":{"count":7954,"self":2.6361,"total":2.7247018,"children":{"CollectObservations":{"count":7954,"self":0.0647822,"total":0.0647822,"children":null},"CollectDiscreteActionMasks":{"count":7954,"self":0.0238196,"total":0.0238196,"children":null}}},"DecideAction":{"count":7954,"self":0.0353505,"total":0.0353505,"children":null},"AgentAct":{"count":7954,"self":0.058785199999999996,"total":0.058785199999999996,"children":null}}}