{"count":1,"gauges":{"GrabbingAnObject.CumulativeReward":{"count":80,"max":221.8476,"min":-1,"value":-1,"weightedAverage":-0.9999999}},"self":270.8627712,"total":271.597425,"children":{"AgentSendState":{"count":19639,"self":0.40746869999999996,"total":0.4553443,"children":{"CollectObservations":{"count":3928,"self":0.0349087,"total":0.0349087,"children":null},"CollectDiscreteActionMasks":{"count":3928,"self":0.0129669,"total":0.0129669,"children":null}}},"DecideAction":{"count":19639,"self":0.0643401,"total":0.0643401,"children":null},"AgentAct":{"count":19639,"self":0.21397619999999998,"total":0.21397619999999998,"children":null}}}