{"count":1,"gauges":{"GrabbingAnObject8.CumulativeReward":{"count":152915,"max":99.6992645,"min":-0.4999971,"value":-0.001,"weightedAverage":-0.0009999999}},"self":5955.1137792,"total":12480.3014706,"children":{"AgentSendState":{"count":5555894,"self":212.4095616,"total":467.4697453,"children":{"CollectObservations":{"count":10000611,"self":59.995027199999996,"total":59.9950251,"children":null},"CollectDiscreteActionMasks":{"count":10000611,"self":29.711039999999997,"total":29.7110409,"children":null},"AgentInfo.ToProto":{"count":10000611,"self":80.671104,"total":165.3541239,"children":{"GenerateSensorData":{"count":10000611,"self":84.6830208,"total":84.683018699999991,"children":null}}}}},"DecideAction":{"count":5555894,"self":5906.6564608,"total":5906.6565706,"children":null},"AgentAct":{"count":5555894,"self":147.4036736,"total":151.0533577,"children":{"AgentInfo.ToProto":{"count":152614,"self":1.7303372,"total":3.6496901,"children":{"GenerateSensorData":{"count":152614,"self":1.9193529999999999,"total":1.9193529999999999,"children":null}}}}},"AgentInfo.ToProto":{"count":301,"self":0.0059837,"total":0.0069809999999999994,"children":{"GenerateSensorData":{"count":301,"self":0.0009973,"total":0.0009973,"children":null}}}}}