{"count":1,"gauges":{"GrabbingAnObject8.CumulativeReward":{"count":90,"max":98.89928,"min":20.5000629,"value":48.39999,"weightedAverage":67.4763641}},"self":64.39130879999999,"total":70.55810129999999,"children":{"AgentSendState":{"count":5071,"self":0.15606319999999999,"total":0.2572859,"children":{"CollectObservations":{"count":9135,"self":0.0573459,"total":0.0573459,"children":null},"CollectDiscreteActionMasks":{"count":9135,"self":0.0438768,"total":0.0438768,"children":null}}},"DecideAction":{"count":5071,"self":5.7748728,"total":5.7748726,"children":null},"AgentAct":{"count":5071,"self":0.1336336,"total":0.1336336,"children":null}}}