{"count":1,"gauges":{},"self":72.0241472,"total":72.1135335,"children":{"AgentSendState":{"count":5188,"self":0.0514515,"total":0.0514515,"children":null},"DecideAction":{"count":5188,"self":0.0159865,"total":0.0159865,"children":null},"AgentAct":{"count":5188,"self":0.0209541,"total":0.0209541,"children":null}}}