{"count":1,"gauges":{},"self":14.389467199999999,"total":14.4024326,"children":{"AgentSendState":{"count":997,"self":0.0099738,"total":0.0099738,"children":null},"DecideAction":{"count":997,"self":0.0019947999999999997,"total":0.0019947999999999997,"children":null},"AgentAct":{"count":997,"self":0,"total":0,"children":null}}}