{"count":1,"gauges":{"GrabbingAnObject8.CumulativeReward":{"count":8,"max":98.09929,"min":49.3999748,"value":54.699894,"weightedAverage":67.85097}},"self":13.184574399999999,"total":14.4383109,"children":{"AgentSendState":{"count":991,"self":0.0269294,"total":0.039895599999999996,"children":{"CollectObservations":{"count":1592,"self":0.0109718,"total":0.0109718,"children":null},"CollectDiscreteActionMasks":{"count":1592,"self":0.0019944,"total":0.0019944,"children":null}}},"DecideAction":{"count":991,"self":1.2008761,"total":1.2008761,"children":null},"AgentAct":{"count":991,"self":0.0119665,"total":0.0119665,"children":null}}}