{"count":1,"gauges":{"GrabbingAnObject8.CumulativeReward":{"count":131,"max":99.19927,"min":-0.0100000007,"value":-0.0100000007,"weightedAverage":12.903656}},"self":81.2557056,"total":89.1495831,"children":{"AgentSendState":{"count":6423,"self":0.21096209999999999,"total":0.30969949999999996,"children":{"CollectObservations":{"count":10280,"self":0.066821499999999992,"total":0.066821499999999992,"children":null},"CollectDiscreteActionMasks":{"count":10280,"self":0.0319159,"total":0.0319159,"children":null}}},"DecideAction":{"count":6423,"self":7.4156536,"total":7.4156534999999995,"children":null},"AgentAct":{"count":6423,"self":0.16752989999999998,"total":0.16752989999999998,"children":null}}}