{"count":1,"gauges":{},"self":20.095539199999997,"total":20.1144878,"children":{"AgentSendState":{"count":1352,"self":0.0089757,"total":0.0089757,"children":null},"DecideAction":{"count":1352,"self":0.0059838,"total":0.0059838,"children":null},"AgentAct":{"count":1352,"self":0.0029925,"total":0.0029925,"children":null}}}