{"count":1,"gauges":{"CookingAMeal.CumulativeReward":{"count":5716,"max":-1,"min":-1,"value":-1,"weightedAverage":-1}},"self":14.9802272,"total":20.3171192,"children":{"AgentSendState":{"count":1429,"self":1.6663497999999999,"total":1.760084,"children":{"CollectObservations":{"count":7145,"self":0.0737916,"total":0.0737916,"children":null},"CollectDiscreteActionMasks":{"count":7145,"self":0.019942599999999998,"total":0.019942599999999998,"children":null}}},"DecideAction":{"count":1429,"self":0.0049853,"total":0.0049853,"children":null},"AgentAct":{"count":1429,"self":3.5718224,"total":3.5718221999999997,"children":null}}}