{"count":1,"gauges":{"GrabbingAnObject8.CumulativeReward":{"count":9,"max":99.39927,"min":12.599824,"value":65.9997253,"weightedAverage":77.21359}},"self":9.1038567999999991,"total":9.9576277,"children":{"AgentSendState":{"count":677,"self":0.026434799999999998,"total":0.035410199999999996,"children":{"CollectObservations":{"count":1224,"self":0.0079779,"total":0.0079779,"children":null},"CollectDiscreteActionMasks":{"count":1224,"self":0.0009975,"total":0.0009975,"children":null}}},"DecideAction":{"count":677,"self":0.8004085,"total":0.8004085,"children":null},"AgentAct":{"count":677,"self":0.0169549,"total":0.0169549,"children":null}}}