{"count":1,"gauges":{},"self":1.109592,"total":11.8153395,"children":{"AgentSendState":{"count":123,"self":0.0099746,"total":0.0149625,"children":{"CollectObservations":{"count":615,"self":0.0039905999999999995,"total":0.0039905999999999995,"children":null},"CollectDiscreteActionMasks":{"count":615,"self":0.0009973,"total":0.0009973,"children":null}}},"DecideAction":{"count":123,"self":10.6897872,"total":10.6897875,"children":null}}}