Steps,Policy/Entropy,Environment/Cumulative Reward,Environment/Episode Length,Policy/Extrinsic Value Estimate,Policy/Curiosity Value Estimate,Policy/GAIL Value Estimate,Policy/Extrinsic Reward,Policy/Curiosity Reward,Policy/GAIL Reward,Losses/Value Loss,Losses/Policy Loss,Policy/Learning Rate,Losses/Curiosity Forward Loss,Losses/Curiosity Inverse Loss,Losses/GAIL Loss,Policy/GAIL Policy Estimate,Policy/GAIL Expert Estimate,Losses/Pretraining Loss
30000,-0.5081412,-1.3291645739236795,13.922426653406266,-0.7856646,-0.13305184,-0.4054012,-1.3211194390681253,0.1112872072253495,0.03402985122369889,0.054203846,0.17669263,0.00029952903,0.25072253,0.06306683,1.2968074,0.20756988,0.79769576,0.17745341
60000,-3.8277416,-17.499998956918716,698.0,-2.444398,0.073162675,0.14138173,-17.500001907348633,0.0011236363858019062,0.8958735133326331,1.7346687e-05,0.20475633,0.00029864704,2.9658328e-05,2.7155678e-05,0.3605284,0.121450916,0.8983502,0.17287755
